City_ID,City,Country,Date,Lat,Lng,Max Temp,Humidity,Cloudiness,Wind Speed
0,Busselton,AU,2022-08-10 08:28:41,-33.65,115.3333,287.93,70,62,5.28
1,Maceio,BR,2022-08-10 08:30:41,-9.6658,-35.7353,293.84,94,20,1.54
2,Hermanus,ZA,2022-08-10 08:28:57,-34.4187,19.2345,289.15,81,100,2.91
3,Pouembout,NC,2022-08-10 08:30:42,-21.1333,164.9,291.3,69,40,4.36
4,Rikitea,PF,2022-08-10 08:28:48,-23.1203,-134.9692,296.01,81,97,9.2
5,Ushuaia,AR,2022-08-10 08:28:49,-54.8,-68.3,277.96,81,0,3.6
6,Gabu,GW,2022-08-10 08:30:43,12.2833,-14.2167,298.48,92,81,1.77
7,Quebo,GW,2022-08-10 08:30:43,11.3333,-14.9333,299.61,87,54,0.94
8,Nicoya,CR,2022-08-10 08:30:44,10.1483,-85.452,296.22,92,96,0.34
9,Provideniya,RU,2022-08-10 08:28:47,64.3833,-173.3,282.65,80,96,3.04
10,Sao Joao Da Barra,BR,2022-08-10 08:28:42,-21.6403,-41.0511,293.66,93,74,4.71
11,Hede,CN,2022-08-10 08:30:44,33.7681,120.2517,301.66,88,100,4.84
12,Mataura,NZ,2022-08-10 08:28:45,-46.1927,168.8643,280.08,96,100,1.25
13,Arraial Do Cabo,BR,2022-08-10 08:28:48,-22.9661,-42.0278,294.17,94,100,8.14
14,Cape Town,ZA,2022-08-10 08:25:10,-33.9258,18.4232,287.65,91,100,6.69
15,Ponta Do Sol,PT,2022-08-10 08:30:45,32.6667,-17.1,295.5,87,21,1.17
16,Mancheral,IN,2022-08-10 08:30:45,18.8667,79.4333,299.95,82,100,6.61
17,Tura,IN,2022-08-10 08:30:46,25.5198,90.2201,303.39,62,99,2.5
18,Antequera,ES,2022-08-10 08:27:14,37.0194,-4.5612,301.14,57,0,2.29
19,Barrow,US,2022-08-10 08:30:46,71.2906,-156.7887,277.04,95,100,6.16
20,Qaanaaq,GL,2022-08-10 08:28:42,77.484,-69.3632,272.34,68,1,2.9
21,Ribeira Grande,PT,2022-08-10 08:30:47,38.5167,-28.7,294.37,88,40,2.06
22,Georgetown,MY,2022-08-10 08:29:31,5.4112,100.3354,305.12,69,40,4.63
23,Kysyl-Syr,RU,2022-08-10 08:30:48,63.8986,122.7617,294.81,55,31,2.94
24,Arandis,NA,2022-08-10 08:30:48,-22.4167,14.9667,296.84,19,0,1.38
25,Barcelos,PT,2022-08-10 08:29:16,41.5388,-8.6151,295.88,71,23,0.44
26,Sao Jose Da Coroa Grande,BR,2022-08-10 08:30:49,-8.8978,-35.1478,295.74,82,29,2.0
27,Angoche,MZ,2022-08-10 08:30:49,-16.2325,39.9086,299.79,53,0,3.24
28,Tonekabon,IR,2022-08-10 08:30:49,36.8163,50.8738,302.12,68,72,1.89
29,Port Alfred,ZA,2022-08-10 08:28:55,-33.5906,26.891,289.92,84,100,2.68
30,Penzance,GB,2022-08-10 08:30:50,50.1186,-5.5371,296.91,53,0,5.14
31,Saint-Philippe,RE,2022-08-10 08:30:50,-21.3585,55.7679,295.92,75,75,7.69
32,Amapa,BR,2022-08-10 08:30:51,1.0,-52.0,293.76,99,94,0.39
33,Bluff,NZ,2022-08-10 08:28:47,-46.6,168.3333,280.26,66,95,7.4
34,Esperance,AU,2022-08-10 08:30:51,-33.8667,121.9,286.05,64,88,10.9
35,Butaritari,KI,2022-08-10 08:30:52,3.0707,172.7902,300.77,78,19,6.36
36,Naifaru,MV,2022-08-10 08:30:52,5.4444,73.3657,300.42,81,92,3.7
37,Bilma,NE,2022-08-10 08:30:52,18.6853,12.9164,311.0,21,38,5.69
38,Carnarvon,AU,2022-08-10 08:30:53,-24.8667,113.6333,292.23,46,0,8.67
39,Guerrero Negro,MX,2022-08-10 08:30:53,27.9769,-114.0611,296.05,75,98,2.25
40,Ixtapa,MX,2022-08-10 08:30:53,20.7,-105.2,299.94,89,0,2.57
41,Hilo,US,2022-08-10 08:28:46,19.7297,-155.09,300.53,92,100,2.06
42,Waingapu,ID,2022-08-10 08:30:54,-9.6567,120.2641,301.38,67,39,7.35
43,Shitanjing,CN,2022-08-10 08:30:54,39.2342,106.3439,299.48,56,86,1.62
44,Hami,CN,2022-08-10 08:30:55,42.8,93.45,313.33,12,6,2.62
45,Chokurdakh,RU,2022-08-10 08:30:55,70.6333,147.9167,292.15,45,19,2.56
46,Nemuro,JP,2022-08-10 08:31:55,43.3236,145.575,291.4,99,100,5.37
47,Thompson,CA,2022-08-10 08:31:56,55.7435,-97.8558,282.24,100,0,2.57
48,Lamar,US,2022-08-10 08:31:56,33.6668,-95.5836,296.1,100,75,1.54
49,Jamestown,US,2022-08-10 08:28:43,42.097,-79.2353,291.32,73,100,0.0
50,Bredasdorp,ZA,2022-08-10 08:30:00,-34.5322,20.0403,287.75,66,100,2.32
51,Port Elizabeth,ZA,2022-08-10 08:31:57,-33.918,25.5701,290.98,74,0,8.94
52,Saskylakh,RU,2022-08-10 08:30:00,71.9167,114.0833,288.73,49,86,4.56
53,Mocuba,MZ,2022-08-10 08:31:57,-16.8392,36.9856,301.95,39,0,2.04
54,Whittlesea,ZA,2022-08-10 08:31:58,-32.1759,26.8244,292.38,25,65,7.64
55,Rincon,US,2022-08-10 08:31:58,32.296,-81.2354,299.18,88,0,0.0
56,Namatanai,PG,2022-08-10 08:31:59,-3.6667,152.4333,300.04,79,92,2.51
57,Wahiawa,US,2022-08-10 08:24:47,21.5028,-158.0236,298.33,72,100,3.09
58,Naze,JP,2022-08-10 08:31:59,28.3667,129.4833,303.66,70,15,2.44
59,Kushiro,JP,2022-08-10 08:31:59,42.975,144.3747,294.68,88,75,1.03
60,Puerto Ayora,EC,2022-08-10 08:24:23,-0.7393,-90.3518,293.46,91,98,3.13
61,Meulaboh,ID,2022-08-10 08:32:00,4.1363,96.1285,302.48,65,65,2.71
62,Herat,AF,2022-08-10 08:32:00,34.5,62.0,304.15,17,0,15.17
63,San Policarpo,PH,2022-08-10 08:32:01,12.1791,125.5072,301.2,75,78,1.47
64,Kavaratti,IN,2022-08-10 08:32:01,10.5669,72.642,300.47,82,99,9.11
65,Kisangani,CD,2022-08-10 08:32:01,0.5167,25.2,306.57,40,67,0.76
66,Oranjemund,NA,2022-08-10 08:32:02,-28.55,16.4333,288.71,63,10,5.0
67,Kodiak,US,2022-08-10 08:32:02,57.79,-152.4072,285.88,88,100,4.63
68,Chuy,UY,2022-08-10 08:27:22,-33.6971,-53.4616,280.08,87,5,2.98
69,Potrerillos,HN,2022-08-10 08:32:03,15.2333,-87.9667,297.96,99,100,0.7
70,Avarua,CK,2022-08-10 08:28:49,-21.2078,-159.775,294.18,88,75,2.57
71,Isangel,VU,2022-08-10 08:32:03,-19.55,169.2667,294.75,72,86,7.37
72,Belyy Yar,RU,2022-08-10 08:32:04,53.6039,91.3903,301.4,32,0,3.0
73,Grand Gaube,MU,2022-08-10 08:32:04,-20.0064,57.6608,295.58,59,74,6.26
74,Ilulissat,GL,2022-08-10 08:32:05,69.2167,-51.1,277.16,93,100,5.14
75,Maragogi,BR,2022-08-10 08:32:05,-9.0122,-35.2225,295.4,83,27,1.37
76,Mar Del Plata,AR,2022-08-10 08:28:50,-38.0023,-57.5575,280.42,97,100,4.02
77,Campbellton,CA,2022-08-10 08:32:06,48.0075,-66.6727,281.4,94,0,0.95
78,Sikeston,US,2022-08-10 08:32:06,36.8767,-89.5879,296.17,100,0,1.54
79,Albany,US,2022-08-10 08:28:43,42.6001,-73.9662,291.68,84,2,1.43
80,Sur,OM,2022-08-10 08:32:07,22.5667,59.5289,305.48,58,83,2.47
81,Frontera,MX,2022-08-10 08:32:07,26.9333,-101.45,301.11,52,2,0.45
82,Makakilo City,US,2022-08-10 08:32:07,21.3469,-158.0858,299.33,66,0,8.75
83,Portland,US,2022-08-10 08:27:41,45.5234,-122.6762,293.02,81,38,3.58
84,Waddan,LY,2022-08-10 08:32:08,29.1614,16.139,304.58,33,0,1.56
85,Lebu,CL,2022-08-10 08:28:43,-37.6167,-73.65,281.01,80,26,3.22
86,Torbay,CA,2022-08-10 08:32:08,47.6666,-52.7314,286.8,95,100,10.28
87,Saint-Georges,GD,2022-08-10 08:25:43,12.0564,-61.7485,299.97,89,20,3.6
88,Villa Rica,US,2022-08-10 08:32:09,33.7321,-84.9191,295.75,98,100,1.6
89,Clyde River,CA,2022-08-10 08:32:09,70.4692,-68.5914,276.28,81,0,4.63
90,Latung,PH,2022-08-10 08:32:10,5.5,120.8833,301.78,71,22,2.57
91,Sola,VU,2022-08-10 08:32:10,-13.8833,167.55,299.77,76,11,2.59
92,Gornozavodsk,RU,2022-08-10 08:32:10,58.3758,58.3211,300.41,45,64,2.62
93,Kapaa,US,2022-08-10 08:28:46,22.0752,-159.319,300.14,89,100,8.23
94,Pa Daet,TH,2022-08-10 08:32:11,19.5049,99.9924,305.4,61,77,0.95
95,Bambous Virieux,MU,2022-08-10 08:29:59,-20.3428,57.7575,295.49,60,75,6.17
96,Melo,UY,2022-08-10 08:33:11,-32.3667,-54.1833,276.6,94,0,3.11
97,Atuona,PF,2022-08-10 08:28:54,-9.8,-139.0333,298.21,72,3,6.61
98,Dobele,LV,2022-08-10 08:33:12,56.625,23.2786,296.19,40,6,0.65
99,Abraveses,PT,2022-08-10 08:33:13,40.6814,-7.921,299.38,49,28,2.54
100,Regeneracao,BR,2022-08-10 08:33:13,-6.2378,-42.6883,291.76,51,5,0.67
101,Faanui,PF,2022-08-10 08:33:13,-16.4833,-151.75,297.47,73,6,1.0
102,Chuncheng,CN,2022-08-10 08:33:14,22.1731,111.7886,298.98,95,100,5.45
103,Sitka,US,2022-08-10 08:33:14,57.0531,-135.33,287.09,82,0,4.12
104,Soe,ID,2022-08-10 08:33:14,-9.8607,124.284,295.33,65,96,3.56
105,Porlamar,VE,2022-08-10 08:33:15,10.958,-63.8491,300.2,89,100,5.14
106,Hobart,AU,2022-08-10 08:33:15,-42.8794,147.3294,282.18,67,75,3.6
107,Binga,ZW,2022-08-10 08:33:16,-17.6203,27.3414,297.93,29,0,2.75
108,Livny,RU,2022-08-10 08:33:16,52.4253,37.6069,295.29,70,91,5.08
109,Vaini,TO,2022-08-10 08:30:03,-21.2,-175.2,297.24,100,40,2.57
110,Gimli,CA,2022-08-10 08:33:17,50.6336,-96.9907,288.78,73,68,5.15
111,Salalah,OM,2022-08-10 08:33:17,17.0151,54.0924,298.2,100,100,4.12
112,Leningradskiy,RU,2022-08-10 08:33:17,69.3833,178.4167,282.54,94,100,1.63
113,Khatanga,RU,2022-08-10 08:33:18,71.9667,102.5,287.02,55,91,8.01
114,Inongo,CD,2022-08-10 08:33:18,-1.95,18.2667,298.33,49,26,1.26
115,Zyryanka,RU,2022-08-10 08:33:19,65.75,150.85,297.79,50,73,2.99
116,Castro,BR,2022-08-10 08:33:19,-24.7911,-50.0119,282.07,94,89,4.58
117,Airai,TL,2022-08-10 08:33:19,-8.9266,125.4092,291.73,71,75,1.9
118,Bengkulu,ID,2022-08-10 08:33:20,-3.8004,102.2655,301.37,73,91,1.22
119,Punta Arenas,CL,2022-08-10 08:28:53,-53.15,-70.9167,276.21,87,75,3.6
120,Tahe,CN,2022-08-10 08:33:20,52.3333,124.7333,289.82,83,85,3.24
121,Hambantota,LK,2022-08-10 08:33:21,6.1241,81.1185,306.34,55,20,6.17
122,Fortuna,US,2022-08-10 08:30:15,40.5982,-124.1573,286.29,93,0,3.09
123,Ambilobe,MG,2022-08-10 08:33:21,-13.2,49.05,305.14,20,16,6.01
124,Arman,RU,2022-08-10 08:33:22,59.7,150.1667,288.16,88,100,6.24
125,Bethel,US,2022-08-10 08:33:22,41.3712,-73.414,297.2,76,100,2.57
126,Aykhal,RU,2022-08-10 08:33:22,66.0,111.5,293.47,56,100,5.07
127,Asau,RO,2022-08-10 08:33:23,46.4333,26.4,290.66,95,100,2.61
128,Caldas Novas,BR,2022-08-10 08:29:18,-17.7417,-48.625,290.57,80,94,2.8
129,Parfenyevo,RU,2022-08-10 08:33:23,58.484,43.4088,293.39,61,7,3.09
130,Wadi Musa,JO,2022-08-10 08:33:24,30.3222,35.4793,302.44,24,0,2.75
131,Matamoros,MX,2022-08-10 08:33:24,25.5333,-103.25,296.58,51,10,1.5
132,Marrakesh,MA,2022-08-10 08:33:24,31.6315,-8.0083,294.19,73,0,3.09
133,Saint-Francois,FR,2022-08-10 08:33:25,46.4154,3.9054,299.08,38,0,2.57
134,Narsaq,GL,2022-08-10 08:28:44,60.9167,-46.05,280.27,75,46,0.58
135,Cabo San Lucas,MX,2022-08-10 08:33:25,22.8909,-109.9124,301.77,74,92,0.45
136,Port Hardy,CA,2022-08-10 08:33:26,50.6996,-127.4199,285.15,93,0,1.03
137,Tuktoyaktuk,CA,2022-08-10 08:28:56,69.4541,-133.0374,278.69,85,100,9.43
138,Nabire,ID,2022-08-10 08:33:26,-3.3667,135.4833,298.83,85,90,0.32
139,Alofi,NU,2022-08-10 08:28:56,-19.0595,-169.9187,293.09,94,11,0.51
140,Sibolga,ID,2022-08-10 08:34:27,1.7427,98.7792,302.25,68,90,2.71
141,Nikolskoye,RU,2022-08-10 08:34:27,59.7035,30.7861,295.3,38,15,1.45
142,Namibe,AO,2022-08-10 08:34:27,-15.1961,12.1522,293.47,72,61,2.13
143,Tucuman,AR,2022-08-10 08:34:28,-26.8241,-65.2226,276.15,87,0,3.09
144,Hualmay,PE,2022-08-10 08:34:28,-11.0964,-77.6139,288.58,85,56,3.31
145,Kaitangata,NZ,2022-08-10 08:28:41,-46.2817,169.8464,278.59,90,100,4.4
146,Qunduz,AF,2022-08-10 08:34:29,36.729,68.857,311.36,11,0,7.48
147,New Norfolk,AU,2022-08-10 08:34:29,-42.7826,147.0587,281.99,70,94,1.34
148,Sakakah,SA,2022-08-10 08:34:30,29.9697,40.2064,310.91,16,0,2.31
149,Porto Novo,BJ,2022-08-10 08:34:30,6.4965,2.6036,299.05,63,69,4.12
150,Storforshei,NO,2022-08-10 08:34:31,66.4043,14.5233,286.03,93,75,1.54
151,Ancud,CL,2022-08-10 08:34:31,-41.8697,-73.8203,279.21,84,100,1.98
152,Dhari,IN,2022-08-10 08:34:31,21.3333,71.0167,303.12,72,95,5.77
153,Klaksvik,FO,2022-08-10 08:34:32,62.2266,-6.589,285.66,96,100,10.54
154,Dikson,RU,2022-08-10 08:34:32,73.5069,80.5464,277.91,91,100,5.64
155,Cidreira,BR,2022-08-10 08:34:33,-30.1811,-50.2056,286.4,83,100,4.57
156,Razam,IN,2022-08-10 08:34:33,18.4667,83.6667,303.62,64,100,3.69
157,Sault Sainte Marie,CA,2022-08-10 08:30:07,46.5168,-84.3333,289.46,96,0,1.03
158,Liuzhou,CN,2022-08-10 08:34:34,24.3126,109.3892,302.75,70,89,5.68
159,Arlit,NE,2022-08-10 08:34:34,18.7369,7.3853,307.56,32,10,3.65
160,Rabo De Peixe,PT,2022-08-10 08:34:35,37.8,-25.5833,292.88,77,40,2.06
161,Paez,CO,2022-08-10 08:34:35,5.1011,-73.0512,289.26,96,100,1.6
162,Ahipara,NZ,2022-08-10 08:34:36,-35.1667,173.1667,283.17,76,95,3.19
163,Ca Mau,VN,2022-08-10 08:29:43,9.1769,105.15,304.05,57,88,5.63
164,Vao,NC,2022-08-10 08:34:36,-22.6667,167.4833,293.1,55,1,9.65
165,Toamasina,MG,2022-08-10 08:34:36,-18.1667,49.3833,295.15,88,75,3.09
166,Bambanglipuro,ID,2022-08-10 08:34:37,-7.95,110.2833,299.94,80,89,5.79
167,Iqaluit,CA,2022-08-10 08:34:37,63.7506,-68.5145,281.0,87,20,4.63
168,Lompoc,US,2022-08-10 08:34:38,34.6391,-120.4579,290.13,93,75,5.66
169,Hamilton,US,2022-08-10 08:34:03,39.1834,-84.5333,296.2,96,100,1.54
170,Verbivka,UA,2022-08-10 08:34:38,49.4167,35.5333,303.66,33,100,3.23
171,Ust-Nera,RU,2022-08-10 08:32:17,64.5667,143.2,296.15,53,100,2.24
172,Yanggu,CN,2022-08-10 08:34:39,36.1106,115.7753,298.5,80,100,2.63
173,Sheltozero,RU,2022-08-10 08:34:39,61.3667,35.3667,293.3,45,93,1.42
174,Paamiut,GL,2022-08-10 08:34:39,61.994,-49.6678,279.29,74,100,2.67
175,Antofagasta,CL,2022-08-10 08:31:27,-23.65,-70.4,286.75,69,30,0.34
176,Great Yarmouth,GB,2022-08-10 08:34:16,52.6083,1.7305,295.62,68,58,4.19
177,San Patricio,US,2022-08-10 08:34:40,28.017,-97.5169,302.53,81,12,2.95
178,Birjand,IR,2022-08-10 08:34:40,32.8663,59.2211,308.41,11,0,6.17
179,Nanortalik,GL,2022-08-10 08:34:41,60.1432,-45.2371,278.77,91,73,5.59
180,Praia Da Vitoria,PT,2022-08-10 08:34:41,38.7333,-27.0667,292.46,88,40,2.8
181,Yellowknife,CA,2022-08-10 08:28:57,62.456,-114.3525,290.44,72,75,6.69
182,Broken Hill,AU,2022-08-10 08:35:42,-31.95,141.4333,286.03,45,100,8.22
183,Hirara,JP,2022-08-10 08:35:42,24.8,125.2833,304.07,79,40,3.09
184,Lai,TD,2022-08-10 08:35:43,9.3952,16.2989,300.28,79,100,2.58
185,Aklavik,CA,2022-08-10 08:35:43,68.2191,-135.0107,278.36,85,69,4.09
186,Peace River,CA,2022-08-10 08:35:43,56.2501,-117.286,284.32,87,0,3.6
187,Faya,SA,2022-08-10 08:35:44,18.3851,42.4509,300.21,56,95,2.98
188,Peleduy,RU,2022-08-10 08:35:44,59.6289,112.7406,290.87,72,100,1.63
189,East London,ZA,2022-08-10 08:28:52,-33.0153,27.9116,291.67,72,0,6.17
190,Santander,ES,2022-08-10 08:32:07,43.4647,-3.8044,301.32,73,0,1.54
191,Sarakhs,IR,2022-08-10 08:35:45,36.5449,61.1577,309.23,19,0,8.23
192,Ulvik,NO,2022-08-10 08:35:45,60.5672,6.9187,292.98,78,77,1.87
193,North Bend,US,2022-08-10 08:35:46,43.4065,-124.2243,289.1,91,100,3.09
194,Sawtell,AU,2022-08-10 08:35:46,-30.3833,153.1,289.16,72,40,7.2
195,De-Kastri,RU,2022-08-10 08:35:47,51.4667,140.7833,291.22,77,93,3.52
196,Norman Wells,CA,2022-08-10 08:35:47,65.282,-126.8329,284.17,87,100,4.63
197,Hisar,IN,2022-08-10 08:31:50,29.1667,75.7167,311.4,39,0,2.63
198,Goderich,CA,2022-08-10 08:35:48,43.7501,-81.7165,286.99,93,0,1.03
199,Chapaevsk,RU,2022-08-10 08:35:48,52.9813,49.7112,305.39,29,15,2.11
200,Parati,BR,2022-08-10 08:32:22,-23.2178,-44.7131,293.56,96,100,2.12
201,Mahebourg,MU,2022-08-10 08:32:51,-20.4081,57.7,295.51,60,75,6.17
202,Azad Shahr,IR,2022-08-10 08:35:49,34.7909,48.5707,304.42,25,0,3.09
203,Luderitz,NA,2022-08-10 08:35:49,-26.6481,15.1594,289.59,61,1,7.37
204,Lokosovo,RU,2022-08-10 08:35:50,61.1333,74.8167,296.63,37,9,5.25
205,Sao Filipe,CV,2022-08-10 08:35:50,14.8961,-24.4956,299.48,83,44,1.73
206,Kahului,US,2022-08-10 08:33:12,20.8947,-156.47,300.16,78,20,9.77
207,Dwarka,IN,2022-08-10 08:35:50,22.2394,68.9678,304.56,70,100,6.64
208,Marsa Matruh,EG,2022-08-10 08:35:51,31.3525,27.2453,302.26,61,0,6.69
209,Severo-Kurilsk,RU,2022-08-10 08:28:51,50.6789,156.125,286.2,98,100,5.05
210,Kununurra,AU,2022-08-10 08:35:52,-15.7667,128.7333,307.14,24,39,3.09
211,Tasiilaq,GL,2022-08-10 08:35:52,65.6145,-37.6368,276.24,69,43,2.12
212,North Platte,US,2022-08-10 08:35:52,41.1239,-100.7654,295.99,66,0,3.58
213,Kaka,TM,2022-08-10 08:35:53,37.3482,59.6143,307.65,16,0,4.72
214,Port Macquarie,AU,2022-08-10 08:32:39,-31.4333,152.9167,284.76,65,67,2.69
215,Tazovskiy,RU,2022-08-10 08:35:53,67.4667,78.7,285.72,56,33,6.9
216,Boizenburg,DE,2022-08-10 08:35:54,53.3833,10.7167,297.11,43,63,2.14
217,Roebourne,AU,2022-08-10 08:35:54,-20.7833,117.1333,298.92,24,0,4.61
218,Lethem,GY,2022-08-10 08:35:54,3.3803,-59.7968,296.63,83,32,1.62
219,Tondano,ID,2022-08-10 08:35:55,1.3038,124.9112,300.2,78,39,0.49
220,Pangnirtung,CA,2022-08-10 08:35:55,66.1451,-65.7125,279.65,84,46,1.1
221,Kearney,US,2022-08-10 08:26:16,40.6995,-99.0815,293.29,77,0,3.6
222,Taft,IR,2022-08-10 08:35:56,31.7471,54.2088,307.12,23,20,4.12
223,Manado,ID,2022-08-10 08:35:56,1.487,124.8455,304.58,70,40,2.06
224,Camacha,PT,2022-08-10 08:36:56,33.0833,-16.3333,292.83,78,75,6.17
225,Tilichiki,RU,2022-08-10 08:36:57,60.4667,166.1,284.63,88,100,6.97
226,Dubbo,AU,2022-08-10 08:36:57,-32.25,148.6167,284.22,66,63,4.12
227,Aromashevo,RU,2022-08-10 08:36:57,56.8602,68.6375,301.99,42,23,3.54
228,Pisco,PE,2022-08-10 08:36:58,-13.7,-76.2167,288.18,82,100,2.57
229,Puerto Narino,CO,2022-08-10 08:36:58,-3.7703,-70.3831,295.04,99,99,1.23
230,Ulladulla,AU,2022-08-10 08:36:59,-35.35,150.4667,283.94,79,62,1.93
231,Perigueux,FR,2022-08-10 08:36:59,45.1833,0.7167,303.13,39,0,1.79
232,Kamaishi,JP,2022-08-10 08:36:59,39.2667,141.8833,297.9,86,100,1.83
233,Kizel,RU,2022-08-10 08:37:00,59.0471,57.6477,300.02,46,67,2.85
234,Flin Flon,CA,2022-08-10 08:37:00,54.7682,-101.865,280.14,91,3,2.6
235,Kieta,PG,2022-08-10 08:37:01,-6.2167,155.6333,298.89,86,100,1.92
236,Novo Aripuana,BR,2022-08-10 08:37:01,-5.1206,-60.3797,296.42,72,97,1.2
237,Pangody,RU,2022-08-10 08:37:01,65.85,74.4859,289.68,43,5,6.62
238,Eureka,US,2022-08-10 08:35:21,40.8021,-124.1637,286.44,90,0,0.45
239,Souillac,MU,2022-08-10 08:37:02,-20.5167,57.5167,295.36,60,75,6.17
240,Puerto Madero,MX,2022-08-10 08:37:02,14.7208,-92.4215,297.26,100,75,0.0
241,Hovd,MN,2022-08-10 08:37:03,48.0056,91.6419,301.44,20,86,4.1
242,Seminole,US,2022-08-10 08:37:03,28.7086,-81.2081,300.35,93,100,0.0
243,Oksbol,DK,2022-08-10 08:37:04,55.6268,8.2876,293.1,79,91,2.04
244,Gigmoto,PH,2022-08-10 08:37:04,13.7796,124.39,301.44,81,91,0.72
245,Yatou,CN,2022-08-10 08:37:04,37.15,122.3833,295.35,89,100,2.14
246,Otane,NZ,2022-08-10 08:37:05,-39.8833,176.6333,279.27,87,75,1.81
247,Mayahi,NE,2022-08-10 08:37:05,13.9553,7.6712,303.22,53,18,4.97
248,Sabha,LY,2022-08-10 08:37:05,27.0377,14.4283,306.96,18,0,3.85
249,Yelbarga,IN,2022-08-10 08:37:06,15.6333,76.0167,299.73,67,99,12.86
250,Isla Mujeres,MX,2022-08-10 08:37:06,21.2311,-86.731,297.13,82,93,3.29
251,Dunedin,NZ,2022-08-10 08:37:07,-45.8742,170.5036,280.26,72,89,4.92
252,Tautira,PF,2022-08-10 08:37:07,-17.7333,-149.15,297.14,79,51,4.28
253,Ystad,SE,2022-08-10 08:37:07,55.4297,13.8204,295.02,59,76,2.75
254,Camopi,GF,2022-08-10 08:37:08,3.1655,-52.3158,294.21,100,71,0.45
255,Bima,ID,2022-08-10 08:37:08,-8.4667,118.7167,303.98,54,69,2.15
256,Zhigansk,RU,2022-08-10 08:37:08,66.7697,123.3711,293.35,53,14,3.66
257,Kimbe,PG,2022-08-10 08:37:09,-5.5502,150.1429,297.53,92,96,2.58
258,Tahoua,NE,2022-08-10 08:37:09,14.8888,5.2692,301.14,69,0,4.12
259,Chiautla,MX,2022-08-10 08:37:10,19.5333,-98.8833,288.12,88,80,0.89
260,Kochubey,RU,2022-08-10 08:37:10,44.3861,46.5825,305.47,34,0,9.55
261,Bataipora,BR,2022-08-10 08:37:10,-22.2953,-53.2711,281.93,93,27,2.78
262,Broome,US,2022-08-10 08:37:11,42.2506,-75.833,290.58,96,0,0.74
263,Kihei,US,2022-08-10 08:37:11,20.785,-156.4656,300.16,80,20,9.77
264,Geraldton,AU,2022-08-10 08:28:44,-28.7667,114.6,290.38,55,47,6.17
265,Aden,YE,2022-08-10 08:37:12,12.7794,45.0367,303.21,73,94,9.43
266,Biltine,TD,2022-08-10 08:37:12,14.5333,20.9167,301.31,60,100,3.61
267,Beaverlodge,CA,2022-08-10 08:34:05,55.2166,-119.4361,284.79,77,2,1.58
268,Whitehorse,CA,2022-08-10 08:37:13,60.7161,-135.0538,285.58,59,75,1.54
269,Kompaniyivka,UA,2022-08-10 08:38:13,48.2511,32.208,300.41,42,100,7.98
270,Koslan,RU,2022-08-10 08:38:14,63.4564,48.8989,292.57,46,100,2.08
271,Hithadhoo,MV,2022-08-10 08:38:14,-0.6,73.0833,301.07,71,57,2.61
272,Golden,US,2022-08-10 08:38:15,39.7555,-105.2211,295.94,55,0,2.57
273,Karachi,PK,2022-08-10 08:37:02,24.9056,67.0822,301.05,89,100,11.32
274,Miri,MY,2022-08-10 08:38:15,4.4148,114.0089,305.23,70,20,3.09
275,Port Hawkesbury,CA,2022-08-10 08:38:15,45.6169,-61.3485,290.32,99,100,2.57
276,Saldanha,ZA,2022-08-10 08:38:16,-33.0117,17.9442,287.18,87,100,5.82
277,Lagoa,PT,2022-08-10 08:38:16,39.05,-27.9833,294.5,74,63,3.1
278,Talnakh,RU,2022-08-10 08:38:17,69.4865,88.3972,283.82,67,100,4.07
279,Noyabrsk,RU,2022-08-10 08:38:17,63.1994,75.4507,295.06,37,49,5.87
280,Kruisfontein,ZA,2022-08-10 08:38:17,-34.0033,24.7314,289.75,55,41,5.6
281,Skoghall,SE,2022-08-10 08:38:18,59.3232,13.4655,291.46,72,75,4.12
282,Cuyo,PH,2022-08-10 08:38:18,10.8525,121.0086,302.01,71,69,3.2
283,Vieste,IT,2022-08-10 08:38:18,41.8825,16.175,301.06,68,63,4.27
284,Takab,IR,2022-08-10 08:38:19,36.4009,47.1133,303.74,27,0,4.58
285,Askino,RU,2022-08-10 08:38:19,56.0901,56.5783,300.65,51,99,2.58
286,Las Choapas,MX,2022-08-10 08:38:19,17.9333,-94.0833,296.63,91,99,0.96
287,Balangir,IN,2022-08-10 08:38:20,20.7167,83.4833,298.27,83,100,5.83
288,Adrar,MR,2022-08-10 08:38:20,20.5022,-10.0711,305.4,15,18,9.3
289,Bengbu,CN,2022-08-10 08:38:21,32.9408,117.3608,307.68,59,89,0.58
290,Roald,NO,2022-08-10 08:38:21,62.5833,6.1333,292.66,77,75,7.2
291,Mulchen,CL,2022-08-10 08:38:21,-37.7167,-72.2333,277.2,93,44,0.99
292,Berlevag,NO,2022-08-10 08:38:22,70.8578,29.0864,286.12,71,100,6.69
293,Avera,US,2022-08-10 08:38:22,33.194,-82.5271,295.18,78,100,2.59
294,Mildura,AU,2022-08-10 08:38:22,-34.2,142.15,286.52,57,100,5.51
295,Ola,RU,2022-08-10 08:38:23,59.5833,151.2833,288.23,82,100,8.71
296,Kilvelur,IN,2022-08-10 08:38:23,10.7672,79.7419,310.78,29,38,6.54
297,Sabang,ID,2022-08-10 08:34:24,5.8933,95.3214,301.51,75,94,9.76
298,Trelew,AR,2022-08-10 08:38:24,-43.249,-65.3051,280.12,58,100,1.69
299,Comodoro Rivadavia,AR,2022-08-10 08:38:24,-45.8667,-67.5,283.07,40,0,5.14
300,Topolobampo,MX,2022-08-10 08:38:24,25.6,-109.05,299.98,69,92,2.84
301,Maridi,SS,2022-08-10 08:38:25,4.9158,29.4742,301.61,57,100,1.9
302,Senneterre,CA,2022-08-10 08:38:25,48.3835,-77.2328,286.18,84,1,4.09
303,Sao Bernardo,BR,2022-08-10 08:38:26,-3.3614,-42.4178,293.38,97,30,1.8
304,Gazojak,TM,2022-08-10 08:38:26,41.1875,61.4036,305.99,15,0,5.2
305,Chilca,PE,2022-08-10 08:38:26,-12.5211,-76.7372,288.83,82,96,0.64
306,Palana,RU,2022-08-10 08:38:27,59.1167,159.9667,284.58,87,100,1.2
307,Atar,MR,2022-08-10 08:38:27,20.5169,-13.0499,306.64,13,10,9.9
308,Worthington,US,2022-08-10 08:34:30,40.0931,-83.018,295.29,88,100,3.09
309,Longyearbyen,SJ,2022-08-10 08:38:28,78.2186,15.6401,283.06,76,75,2.57
310,Vinukonda,IN,2022-08-10 08:35:49,16.05,79.75,304.6,52,100,8.05
311,Zhangjiakou,CN,2022-08-10 08:38:28,40.81,114.8794,300.89,48,0,3.01
312,Abu Dhabi,AE,2022-08-10 08:35:18,24.4667,54.3667,314.16,54,16,5.66
313,Pasighat,IN,2022-08-10 08:38:29,28.0667,95.3333,305.54,63,61,0.68
314,Mackenzie,CA,2022-08-10 08:38:29,55.2999,-123.1698,283.27,87,0,1.03
315,Fairbanks,US,2022-08-10 08:38:29,64.8378,-147.7164,282.13,86,100,1.54
316,Okato,NZ,2022-08-10 08:39:30,-39.2,173.8833,281.21,70,25,6.71
317,Bowen,AU,2022-08-10 08:39:30,-20.0167,148.2333,292.17,66,10,7.61
318,Atambua,ID,2022-08-10 08:39:30,-9.1061,124.8925,298.85,67,78,1.13
319,Wittstock,DE,2022-08-10 08:39:31,53.1612,12.4829,298.14,42,99,2.7
320,Mweka,CD,2022-08-10 08:39:31,-4.85,21.5667,308.58,14,18,1.43
321,Barvinkove,UA,2022-08-10 08:39:32,48.9097,37.0205,307.45,18,100,3.09
322,Santiago Del Estero,AR,2022-08-10 08:38:16,-27.7951,-64.2615,278.77,85,4,2.91
323,Neiafu,TO,2022-08-10 08:39:32,-18.65,-173.9833,299.13,80,4,6.39
324,Sorong,ID,2022-08-10 08:39:32,-0.8833,131.25,300.67,76,93,1.29
325,Qaqortoq,GL,2022-08-10 08:39:33,60.7167,-46.0333,278.98,86,33,0.16
326,Ojinaga,MX,2022-08-10 08:39:33,29.5667,-104.4167,302.82,47,0,3.09
327,Strezhevoy,RU,2022-08-10 08:39:34,60.7333,77.5889,298.1,39,14,5.39
328,Petropavlovsk-Kamchatskiy,RU,2022-08-10 08:39:34,53.0452,158.6483,285.48,100,100,4.0
329,Gobo,JP,2022-08-10 08:39:34,33.8833,135.15,303.72,82,100,4.33
330,Sobolevo,RU,2022-08-10 08:39:35,54.4299,31.8996,293.64,58,46,4.26
331,Gaoyou,CN,2022-08-10 08:39:35,32.7858,119.4278,307.29,64,100,1.49
332,Half Moon Bay,US,2022-08-10 08:39:35,37.4636,-122.4286,291.44,88,0,3.6
333,La Carolina,ES,2022-08-10 08:39:36,38.2756,-3.6153,304.42,26,1,2.2
334,Najran,SA,2022-08-10 08:39:36,17.4924,44.1277,309.51,21,100,3.78
335,Matagami,CA,2022-08-10 08:39:37,49.7502,-77.6328,288.21,72,100,4.12
336,Khorixas,NA,2022-08-10 08:39:37,-20.3667,14.9667,300.04,14,0,2.76
337,Kenai,US,2022-08-10 08:35:02,60.5544,-151.2583,284.9,92,20,3.09
338,Ponta Delgada,PT,2022-08-10 08:36:07,37.7333,-25.6667,293.55,77,40,2.06
339,Coquimbo,CL,2022-08-10 08:39:38,-29.9533,-71.3436,281.0,100,100,1.54
340,Harper,LR,2022-08-10 08:39:38,4.375,-7.7169,297.52,78,100,4.8
341,Nouna,BF,2022-08-10 08:39:38,12.7333,-3.8667,299.98,76,78,2.8
342,Neryungri,RU,2022-08-10 08:39:39,56.6709,124.6491,283.61,96,100,4.37
343,Vardo,NO,2022-08-10 08:39:39,70.3705,31.1107,285.14,94,75,5.14
344,Benguela,AO,2022-08-10 08:39:39,-12.5763,13.4055,296.3,66,0,2.33
345,Haskovo,BG,2022-08-10 08:39:40,41.9403,25.5694,303.34,46,4,5.37
346,Kargil,IN,2022-08-10 08:39:40,34.5667,76.1,296.57,29,10,0.46
347,Thunder Bay,CA,2022-08-10 08:38:33,48.4001,-89.3168,288.1,88,0,1.54
348,Ilhabela,BR,2022-08-10 08:39:41,-23.7781,-45.3581,293.22,94,100,1.93
349,Aanekoski,FI,2022-08-10 08:39:41,62.6946,25.818,293.53,52,100,4.9
350,Kamen-Rybolov,RU,2022-08-10 08:35:15,44.7481,132.0403,296.82,68,74,3.31
351,Husavik,IS,2022-08-10 08:39:42,66.0449,-17.3389,281.67,94,100,8.41
352,Santa Cruz,BO,2022-08-10 08:39:42,-17.8,-63.1667,286.85,54,0,5.14
353,Itarema,BR,2022-08-10 08:35:19,-2.9248,-39.9167,297.71,85,60,6.61
354,Eyl,SO,2022-08-10 08:39:43,7.9803,49.8164,304.43,48,99,11.61
355,Mount Gambier,AU,2022-08-10 08:39:43,-37.8333,140.7667,283.86,69,100,6.48
356,Baijiantan,CN,2022-08-10 08:39:43,45.6333,85.1833,306.3,28,100,4.19
357,Gizo,SB,2022-08-10 08:39:44,-8.103,156.8419,301.03,74,100,4.0
358,Komsomolskiy,UZ,2022-08-10 08:39:44,40.4272,71.7189,305.55,22,9,3.09
359,Sampit,ID,2022-08-10 08:39:45,-2.5333,112.95,301.04,77,70,2.03
360,Egvekinot,RU,2022-08-10 08:39:45,66.3167,-179.1667,286.14,77,99,1.81
361,Copiapo,CL,2022-08-10 08:39:45,-27.3667,-70.3333,279.98,9,3,1.94
362,Coatzintla,MX,2022-08-10 08:40:46,20.4833,-97.45,295.84,91,33,0.85
363,Platteville,US,2022-08-10 08:40:46,42.7342,-90.4785,290.3,100,0,1.54
364,Tupik,RU,2022-08-10 08:40:47,54.4253,119.9327,284.32,96,100,2.5
365,Tocopilla,CL,2022-08-10 08:40:47,-22.092,-70.1979,288.71,64,37,0.46
366,Areosa,PT,2022-08-10 08:40:47,41.7178,-8.8571,295.71,71,6,1.74
367,Upernavik,GL,2022-08-10 08:40:48,72.7868,-56.1549,277.49,96,100,6.44
368,Sorland,NO,2022-08-10 08:40:48,67.667,12.6934,286.07,95,100,14.72
369,Shingu,JP,2022-08-10 08:39:16,33.7333,135.9833,301.74,86,99,3.46
370,Vila Franca Do Campo,PT,2022-08-10 08:40:49,37.7167,-25.4333,293.38,68,25,2.35
371,Mana,GF,2022-08-10 08:40:49,5.6592,-53.7767,297.13,93,72,3.27
372,Havoysund,NO,2022-08-10 08:40:49,70.9963,24.6622,286.08,78,100,5.87
373,Viedma,AR,2022-08-10 08:40:50,-40.8135,-62.9967,281.0,67,100,7.63
374,Necochea,AR,2022-08-10 08:40:50,-38.5473,-58.7368,277.54,77,12,4.53
375,Ostrovnoy,RU,2022-08-10 08:40:50,68.0531,39.5131,287.08,84,100,7.77
376,Ygatimi,PY,2022-08-10 08:40:51,-24.0833,-55.5,283.05,88,100,2.47
377,Maloy,NO,2022-08-10 08:40:51,61.9353,5.1136,289.0,85,100,12.13
378,Kabompo,ZM,2022-08-10 08:40:51,-13.5927,24.2008,300.94,12,0,3.1
379,Oum Hadjer,TD,2022-08-10 08:40:52,13.2954,19.6966,297.89,78,100,1.51
380,Los Llanos De Aridane,ES,2022-08-10 08:36:35,28.6585,-17.9182,294.01,94,75,5.14
381,Port Lincoln,AU,2022-08-10 08:40:52,-34.7333,135.8667,285.56,69,18,9.68
382,Djibo,BF,2022-08-10 08:40:53,14.1022,-1.6306,301.37,59,25,4.42
383,Prachuap Khiri Khan,TH,2022-08-10 08:40:53,12.2167,99.75,297.85,82,100,3.35
384,Ucluelet,CA,2022-08-10 08:40:53,48.9329,-125.5528,287.64,92,28,0.73
385,Bemidji,US,2022-08-10 08:40:54,47.4736,-94.8803,287.62,98,0,0.0
386,Forbes,AU,2022-08-10 08:40:54,-33.3833,148.0167,282.41,78,84,1.46
387,Sindor,RU,2022-08-10 08:40:55,62.8629,51.8905,291.41,46,100,3.41
388,Poum,NC,2022-08-10 08:40:55,-20.2333,164.0167,294.93,59,0,9.96
389,Maniitsoq,GL,2022-08-10 08:40:55,65.4167,-52.9,278.81,88,100,2.93
390,Panorama,GR,2022-08-10 08:40:56,40.5878,23.0315,302.81,32,40,4.63
391,Russell,US,2022-08-10 08:40:56,32.3502,-85.1999,296.75,94,20,2.06
392,Eregli,TR,2022-08-10 08:40:56,37.5133,34.0467,303.54,23,0,2.37
393,Nueve De Julio,AR,2022-08-10 08:40:57,-35.4444,-60.8831,276.46,98,44,3.23
394,Laguna,US,2022-08-10 08:40:57,38.421,-121.4238,292.26,79,0,3.09
395,Manggar,ID,2022-08-10 08:40:57,-2.8833,108.2667,302.11,71,42,5.41
396,Tomatlan,MX,2022-08-10 08:40:58,19.9333,-105.25,296.97,93,73,1.45
397,Christchurch,NZ,2022-08-10 08:36:43,-43.5333,172.6333,274.77,77,48,3.09
398,Hay River,CA,2022-08-10 08:40:58,60.8156,-115.7999,290.14,63,20,5.14
399,Cherskiy,RU,2022-08-10 08:40:59,68.75,161.3,287.19,73,0,3.79
400,Charlestown,AU,2022-08-10 08:38:29,-32.95,151.6667,286.31,81,78,1.94
401,Northam,GB,2022-08-10 08:40:59,51.0333,-4.2167,295.16,69,7,3.52
402,Saint George,US,2022-08-10 08:41:00,37.1041,-113.5841,299.06,70,40,1.34
403,Forest,US,2022-08-10 08:41:00,37.3638,-79.2897,296.88,94,0,1.54
404,Mount Isa,AU,2022-08-10 08:41:01,-20.7333,139.5,300.02,14,4,2.06
405,Lockhart,US,2022-08-10 08:41:01,28.6194,-81.4426,300.2,85,75,1.54
406,Mokhsogollokh,RU,2022-08-10 08:41:02,61.4681,128.9203,293.2,74,100,1.08
407,Tamamura,JP,2022-08-10 08:41:02,36.3,139.1167,306.12,61,97,1.91
408,Dungarpur,IN,2022-08-10 08:42:02,23.8333,73.7167,303.27,69,99,3.91
409,Te Anau,NZ,2022-08-10 08:42:03,-45.4167,167.7167,276.05,92,90,1.32
410,Mahanoro,MG,2022-08-10 08:42:03,-19.9,48.8,294.07,76,90,2.73
411,La Asuncion,VE,2022-08-10 08:42:03,11.0333,-63.8628,300.0,89,100,5.14
412,Anchorage,US,2022-08-10 08:32:13,61.2181,-149.9003,285.18,88,100,1.79
413,Acarau,BR,2022-08-10 08:42:04,-2.8856,-40.12,297.65,86,72,7.15
414,Vostok,RU,2022-08-10 08:42:04,46.4856,135.8833,292.99,65,42,4.53
415,San Quintin,MX,2022-08-10 08:42:04,30.4833,-115.95,295.38,80,11,2.23
416,Bethanien,NA,2022-08-10 08:42:05,-26.502,17.1583,296.38,7,0,2.27
417,Burns Lake,CA,2022-08-10 08:42:05,54.2331,-125.7533,280.83,64,0,0.35
418,Krasnoselkup,RU,2022-08-10 08:42:05,65.7,82.4667,292.15,38,22,7.13
419,Buala,SB,2022-08-10 08:42:06,-8.145,159.5921,300.18,78,74,1.88
420,Dharmanagar,IN,2022-08-10 08:42:06,24.3667,92.1667,305.12,66,89,0.89
421,Tessalit,ML,2022-08-10 08:42:06,20.1986,1.0114,306.05,33,21,2.71
422,Valparaiso,CL,2022-08-10 08:38:38,-33.0393,-71.6273,279.95,87,0,2.06
423,Cockburn Town,TC,2022-08-10 08:42:07,21.4612,-71.1419,300.4,79,3,8.03
424,Stornoway,GB,2022-08-10 08:42:07,58.2093,-6.3865,289.13,91,40,10.8
425,Dalbandin,PK,2022-08-10 08:42:07,28.8947,64.4101,312.71,17,13,4.28
426,Tiksi,RU,2022-08-10 08:37:56,71.6872,128.8694,282.72,84,97,1.91
427,Charleston,US,2022-08-10 08:38:38,32.7766,-79.9309,299.83,92,75,2.57
428,San Cristobal,VE,2022-08-10 08:42:08,7.7669,-72.225,291.83,94,97,1.09
429,Verkhnyaya Toyma,RU,2022-08-10 08:42:08,62.2349,44.9985,293.55,43,100,2.5
430,Wade Hampton,US,2022-08-10 08:42:09,34.9037,-82.3332,296.42,91,0,3.09
431,Granada,ES,2022-08-10 08:42:09,37.25,-3.25,301.09,29,0,3.6
432,Teahupoo,PF,2022-08-10 08:42:09,-17.8333,-149.2667,293.13,79,52,4.33
433,Daurala,IN,2022-08-10 08:42:10,29.1167,77.6833,309.88,41,66,2.86
434,Nizhniy Kuranakh,RU,2022-08-10 08:42:10,58.8353,125.4869,287.05,96,100,0.6
435,Afua,BR,2022-08-10 08:42:10,-0.1567,-50.3867,296.39,94,83,1.9
436,Ust-Kalmanka,RU,2022-08-10 08:42:11,52.1207,83.305,302.13,34,81,1.15
437,Yulara,AU,2022-08-10 08:42:11,-25.2406,130.9889,286.73,74,100,5.38
438,Pevek,RU,2022-08-10 08:42:11,69.7008,170.3133,274.02,99,91,1.82
439,Dunmore Town,BS,2022-08-10 08:42:12,25.5,-76.65,301.43,78,0,6.69
440,Rawson,AR,2022-08-10 08:42:12,-43.3002,-65.1023,280.71,61,97,2.9
441,Verkhnevilyuysk,RU,2022-08-10 08:42:12,63.4453,120.3167,293.53,62,99,2.3
442,Gouyave,GD,2022-08-10 08:42:13,12.1646,-61.7296,299.58,89,20,3.6
443,Alugan,PH,2022-08-10 08:42:13,12.2188,125.4808,300.97,77,76,1.4
444,Boulder City,US,2022-08-10 08:42:10,35.9786,-114.8325,301.17,57,93,2.06
445,Madona,LV,2022-08-10 08:42:13,56.8533,26.217,294.57,41,3,1.99
446,Mahibadhoo,MV,2022-08-10 08:42:14,3.7833,72.9667,300.83,77,100,3.02
447,Kathmandu,NP,2022-08-10 08:39:01,27.7167,85.3167,301.27,69,75,6.69
448,Victoria,HK,2022-08-10 08:42:00,22.2855,114.1577,302.02,90,100,9.39
449,Barela,IN,2022-08-10 08:42:14,23.1,80.05,303.6,74,75,4.63
450,La Rioja,ES,2022-08-10 08:42:15,42.25,-2.5,296.03,38,10,2.72
451,Bathurst,AU,2022-08-10 08:42:15,-33.4166,149.5806,282.99,75,85,1.76
452,Griffith,US,2022-08-10 08:42:15,41.5284,-87.4237,290.31,95,0,0.0
453,Novyy Urengoy,RU,2022-08-10 08:42:16,66.0833,76.6333,290.22,41,10,6.41
454,Windhoek,NA,2022-08-10 08:42:16,-22.5594,17.0832,296.42,12,0,0.0
455,Jacksonville,US,2022-08-10 08:42:13,30.3322,-81.6556,300.37,89,75,2.57
456,Lufilufi,WS,2022-08-10 08:43:16,-13.8745,-171.5986,298.03,79,24,7.38
457,Gushikawa,JP,2022-08-10 08:43:17,26.3544,127.8686,304.72,67,20,3.6
458,Maluso,PH,2022-08-10 08:43:17,6.543,121.8753,302.2,76,97,1.93
459,Korla,CN,2022-08-10 08:43:17,41.7597,86.1469,311.96,14,89,5.73
460,Mezen,RU,2022-08-10 08:43:18,65.8522,44.24,293.41,38,76,1.72
461,Vuktyl,RU,2022-08-10 08:43:18,63.8567,57.3094,293.97,34,71,2.87
462,Lorengau,PG,2022-08-10 08:43:18,-2.0226,147.2712,300.83,76,99,2.89
463,Gravelbourg,CA,2022-08-10 08:43:19,49.8834,-106.5512,288.3,45,36,3.37
464,Dombarovskiy,RU,2022-08-10 08:43:19,50.7587,59.5386,300.79,32,0,4.5
465,Lavrentiya,RU,2022-08-10 08:43:19,65.5833,-171.0,280.16,74,94,2.68
466,Woodward,US,2022-08-10 08:43:20,36.4337,-99.3904,294.72,92,0,2.06
467,Muros,ES,2022-08-10 08:43:20,42.7762,-9.0603,293.91,79,0,1.79
468,Cumana,VE,2022-08-10 08:43:20,10.4635,-64.1775,298.46,81,98,1.82
469,Freeport,US,2022-08-10 08:36:31,40.6576,-73.5832,299.96,66,100,5.14
470,Santa Maria,BR,2022-08-10 08:43:21,-29.6842,-53.8069,280.8,94,98,2.58
471,Ferme-Neuve,CA,2022-08-10 08:43:21,46.7001,-75.4493,284.29,98,4,1.1
472,Labuhan,ID,2022-08-10 08:43:22,-6.8844,112.2051,302.72,67,42,5.33
473,Victor Harbor,AU,2022-08-10 08:43:22,-35.5667,138.6167,286.48,76,60,7.61
474,Bon Air,US,2022-08-10 08:41:15,37.5249,-77.5578,299.16,83,0,0.0
475,Hofn,IS,2022-08-10 08:43:22,64.2539,-15.2082,286.16,76,20,2.57
476,Ulaangom,MN,2022-08-10 08:38:47,49.9811,92.0667,300.65,30,53,4.92
477,Vestmannaeyjar,IS,2022-08-10 08:43:23,63.4427,-20.2734,283.7,93,100,8.75
478,Beira,MZ,2022-08-10 08:41:44,-19.8436,34.8389,299.2,65,40,2.57
479,Nanzhang,CN,2022-08-10 08:43:23,31.7765,111.8386,311.08,37,97,6.85
480,Okha,RU,2022-08-10 08:43:24,53.5739,142.9478,288.75,89,94,1.91
481,Bathsheba,BB,2022-08-10 08:43:24,13.2167,-59.5167,300.49,89,40,4.12
482,Parana,AR,2022-08-10 08:43:25,-31.732,-60.5238,281.79,97,2,2.52
483,Impfondo,CG,2022-08-10 08:43:25,1.6381,18.0667,306.11,43,53,1.25
484,Olafsvik,IS,2022-08-10 08:43:25,64.8945,-23.7142,282.41,86,99,5.33
485,Kavieng,PG,2022-08-10 08:43:26,-2.5744,150.7967,298.22,86,100,4.17
486,Cape Canaveral,US,2022-08-10 08:43:26,28.4058,-80.6048,301.47,85,0,4.12
487,Batagay-Alyta,RU,2022-08-10 08:43:26,67.8006,130.4114,295.4,42,2,3.62
488,Cap Malheureux,MU,2022-08-10 08:43:26,-19.9842,57.6142,296.19,57,67,5.36
489,Ennis,IE,2022-08-10 08:43:27,52.8436,-8.9864,287.11,82,20,1.03
490,Chapais,CA,2022-08-10 08:43:27,49.7834,-74.8492,287.03,82,0,4.95
491,Pacific Grove,US,2022-08-10 08:43:27,36.6177,-121.9166,290.21,87,0,0.45
492,Kodinsk,RU,2022-08-10 08:43:28,58.6881,99.1844,288.76,95,100,1.59
493,Gambela,ET,2022-08-10 08:43:28,8.25,34.5833,302.43,60,91,1.66
494,Erdenet,MN,2022-08-10 08:43:28,49.0333,104.0833,293.61,69,17,2.36
495,Raudeberg,NO,2022-08-10 08:43:29,61.9875,5.1352,289.79,84,100,12.61
496,Salinopolis,BR,2022-08-10 08:43:29,-0.6136,-47.3561,298.43,86,68,3.82
497,Tarakan,ID,2022-08-10 08:43:29,3.3,117.6333,303.87,66,40,2.57
498,Anderson,US,2022-08-10 08:43:30,34.5334,-82.6499,296.35,96,0,1.54
499,Codrington,AU,2022-08-10 08:43:30,-38.2667,141.9667,284.33,60,99,7.53
500,Constitucion,CL,2022-08-10 08:43:30,-35.3333,-72.4167,281.95,63,78,2.12
501,Richards Bay,ZA,2022-08-10 08:43:31,-28.783,32.0377,297.89,50,0,4.35
502,Rottingdean,GB,2022-08-10 08:44:31,50.8098,-0.0594,298.31,68,0,4.63
503,Dudinka,RU,2022-08-10 08:44:31,69.4058,86.1778,284.05,65,100,4.86
504,Netanya,IL,2022-08-10 08:44:32,32.3329,34.8599,304.16,58,17,5.13
505,Praia,CV,2022-08-10 08:44:32,14.9215,-23.5087,299.45,89,75,3.09
506,Great Bend,US,2022-08-10 08:44:32,38.3645,-98.7648,293.73,74,0,0.0
507,Nioro,GM,2022-08-10 08:44:33,13.35,-15.75,300.32,82,68,3.03
508,Yenagoa,NG,2022-08-10 08:44:33,4.9247,6.2642,299.9,78,91,3.04
509,Alihe,CN,2022-08-10 08:44:33,50.5667,123.7167,293.86,53,78,2.19
510,Guiratinga,BR,2022-08-10 08:44:34,-16.3494,-53.7583,287.3,79,100,3.6
511,Shache,CN,2022-08-10 08:44:34,38.4167,77.2406,305.52,30,68,4.38
512,Port Hedland,AU,2022-08-10 08:44:34,-20.3167,118.5667,292.18,48,40,7.72
513,Marsh Harbour,BS,2022-08-10 08:44:35,26.5412,-77.0636,301.22,74,0,5.49
514,Marienburg,PL,2022-08-10 08:44:35,54.0359,19.0266,297.1,43,6,3.05
515,Svetlogorsk,BY,2022-08-10 08:44:35,52.6333,29.7333,293.67,54,80,4.64
516,Beloha,MG,2022-08-10 08:44:36,-25.1667,45.05,300.94,39,1,5.94
517,Cornwall,CA,2022-08-10 08:40:01,45.0181,-74.7281,291.97,94,100,0.0
518,Ust-Omchug,RU,2022-08-10 08:44:36,61.15,149.6333,285.62,91,100,2.4
519,Along,IN,2022-08-10 08:44:36,28.1667,94.7667,304.36,64,88,0.58
520,Jammu,IN,2022-08-10 08:44:37,32.7333,74.8667,307.36,48,2,2.62
521,Nazca,PE,2022-08-10 08:44:37,-14.8333,-74.95,289.43,69,18,0.24
522,Monroe,US,2022-08-10 08:44:37,43.1501,-77.6831,292.57,88,100,1.54
523,Huilong,CN,2022-08-10 08:44:38,31.8111,121.655,303.52,77,100,6.35
524,Shimoni,KE,2022-08-10 08:44:38,-4.6476,39.3817,297.52,76,100,5.44
525,Abay,KZ,2022-08-10 08:44:38,49.6311,72.8539,290.36,57,96,5.55
526,Durant,US,2022-08-10 08:42:07,33.994,-96.3708,296.77,83,0,0.0
527,Caconde,BR,2022-08-10 08:44:39,-21.5294,-46.6439,289.2,95,100,3.44
528,Inirida,CO,2022-08-10 08:44:39,3.8653,-67.9239,295.83,98,100,0.69
529,Sompeta,IN,2022-08-10 08:44:39,18.9333,84.6,302.52,73,100,4.82
530,Ketchikan,US,2022-08-10 08:44:40,55.3422,-131.6461,291.14,59,0,4.63
531,Fukue,JP,2022-08-10 08:44:40,32.6881,128.8419,303.35,79,75,4.63
532,Paraiso,CR,2022-08-10 08:44:40,9.8383,-83.8656,292.01,97,100,1.34
533,Araouane,ML,2022-08-10 08:44:41,18.9048,-3.5265,305.53,47,52,3.69
534,Wadi Maliz,TN,2022-08-10 08:44:41,36.4681,8.5495,299.96,25,0,0.93
535,Beruwala,LK,2022-08-10 08:44:41,6.4788,79.9828,301.25,71,99,4.28
536,Tabuny,RU,2022-08-10 08:44:42,52.7773,78.7896,298.22,49,100,3.31
537,Castrillon,ES,2022-08-10 08:44:42,43.3979,-6.7922,299.77,53,93,0.2
538,Rehoboth,NA,2022-08-10 08:44:42,-23.3167,17.0833,296.88,10,0,1.61
539,Alakurtti,RU,2022-08-10 08:44:43,66.9672,30.3491,287.49,84,100,3.37
540,Ulcinj,ME,2022-08-10 08:44:43,41.9294,19.2244,305.27,38,31,2.49
541,Karla,EE,2022-08-10 08:44:43,59.3723,24.9275,294.34,49,0,3.6
542,Otradnoye,RU,2022-08-10 08:42:31,59.7775,30.8181,295.95,39,18,1.63
543,Bandarbeyla,SO,2022-08-10 08:44:44,9.4942,50.8122,305.69,47,50,13.54
544,Ribeira Brava,PT,2022-08-10 08:44:44,32.65,-17.0667,296.5,83,14,0.62
545,Morena,IN,2022-08-10 08:40:09,26.4969,78.0,310.4,38,37,8.83
546,Lixourion,GR,2022-08-10 08:44:45,38.2019,20.4314,302.15,74,20,0.0
547,Kenora,CA,2022-08-10 08:43:35,49.8167,-94.4337,289.69,82,20,3.09
548,Padang,ID,2022-08-10 08:44:45,-0.9492,100.3543,304.18,72,80,2.31
549,Pareora,NZ,2022-08-10 08:44:45,-44.4871,171.2132,276.03,76,10,3.32
550,Sarkand,KZ,2022-08-10 08:44:46,45.41,79.9186,294.26,67,74,3.56
551,Awjilah,LY,2022-08-10 08:45:46,29.1081,21.2869,305.3,38,0,4.31
552,Osijek,HR,2022-08-10 08:45:46,45.5511,18.6939,293.1,64,40,4.12
553,Antsohihy,MG,2022-08-10 08:45:47,-14.8796,47.9875,305.87,21,3,5.79
554,Katherine,AU,2022-08-10 08:45:47,-14.4667,132.2667,306.33,17,40,3.6
555,Imeni Poliny Osipenko,RU,2022-08-10 08:45:47,52.4201,136.4853,290.15,86,100,3.66
556,Bugiri,UG,2022-08-10 08:45:48,0.5714,33.7417,301.65,38,90,1.91
557,Gari,RU,2022-08-10 08:45:48,59.4307,62.3497,297.29,56,100,2.02
558,Narrabri,AU,2022-08-10 08:45:48,-30.3167,149.7833,283.44,77,20,0.6
559,Rio Blanco,MX,2022-08-10 08:45:49,18.8333,-97.15,288.62,76,91,0.92
560,Jarocin,PL,2022-08-10 08:45:49,51.9727,17.5026,295.9,45,2,2.93
561,Nhulunbuy,AU,2022-08-10 08:45:49,-12.2333,136.7667,299.49,73,75,5.14
562,Ulaanbaatar,MN,2022-08-10 08:45:50,47.9077,106.8832,295.22,53,20,1.0
563,San Ramon,US,2022-08-10 08:45:46,37.7799,-121.978,290.88,85,0,2.57
564,San Andres,CO,2022-08-10 08:41:37,12.5847,-81.7006,301.16,83,75,5.14
565,Batavia,US,2022-08-10 08:42:05,41.85,-88.3126,289.14,88,0,0.0
566,Mahanje,TZ,2022-08-10 08:45:50,-9.9333,35.3333,299.09,29,0,2.72
567,Qiyang,CN,2022-08-10 08:45:51,26.5911,111.8474,308.71,42,89,3.6
568,Wad Madani,SD,2022-08-10 08:45:51,14.4012,33.5199,304.7,47,90,6.46
569,Sao Miguel Do Araguaia,BR,2022-08-10 08:45:51,-13.275,-50.1628,296.59,57,14,6.41
570,Hasaki,JP,2022-08-10 08:45:52,35.7333,140.8333,306.09,85,76,8.64
571,Glendive,US,2022-08-10 08:45:52,47.1053,-104.7125,291.94,55,0,4.63
572,Katsuura,JP,2022-08-10 08:45:52,35.1333,140.3,300.59,86,81,7.98
573,Liverpool,GB,2022-08-10 08:44:02,53.4106,-2.9779,297.38,71,0,2.06
574,Mattru,SL,2022-08-10 08:45:53,7.6244,-11.8332,297.01,94,100,0.96
575,Mayo,US,2022-08-10 08:43:13,38.8876,-76.5119,299.12,90,0,2.06
576,Maracacume,BR,2022-08-10 08:45:53,-2.0428,-45.9592,294.69,98,96,1.27
577,Shagonar,RU,2022-08-10 08:45:53,51.5333,92.8,296.8,50,81,1.91
578,Manadhoo,MV,2022-08-10 08:45:54,5.7667,73.3833,300.43,82,96,3.65
579,Kasongo,CD,2022-08-10 08:45:54,-4.45,26.6667,307.59,17,49,2.91
580,Waipawa,NZ,2022-08-10 08:45:54,-41.4122,175.5153,278.16,81,93,3.97
581,Suez,EG,2022-08-10 08:45:55,29.9737,32.5263,305.73,39,0,4.92
582,Bartica,GY,2022-08-10 08:45:55,6.4,-58.6167,297.33,99,33,0.59
583,Seinajoki,FI,2022-08-10 08:45:55,62.7945,22.8282,293.65,71,0,6.17
584,Koppang,NO,2022-08-10 08:45:56,61.5706,11.0555,294.57,53,2,2.51
585,Quesnel,CA,2022-08-10 08:45:56,52.9999,-122.5029,286.43,82,0,1.54
586,Filingue,NE,2022-08-10 08:45:56,14.3521,3.3168,302.97,57,25,5.71
587,Kilimatinde,TZ,2022-08-10 08:45:57,-5.85,34.95,298.26,33,3,3.21
